Top queries,Clicks,Impressions,CTR,Position
coffee world,1,28,3.57%,2.61
kenya investment,1,1,100%,10
world of coffee,0,12,0%,7.92
coffee world ltd,0,9,0%,6.78
coffee wholesale,0,6,0%,1.17
world coffee,0,4,0%,7
world of coffee 2026,0,4,0%,7.75
coffee buyer,0,3,0%,5.67
world of coffee 2027,0,3,0%,7.33
coffee investments,0,3,0%,27
investments limited,0,2,0%,1
coffee bean suppliers near me,0,2,0%,2.5
coffee processing machines,0,2,0%,4
coffee production,0,2,0%,4
cofee world,0,1,0%,1
coffe word,0,1,0%,1
coffee investment,0,1,0%,1
coffee machine vendors near me,0,1,0%,1
coffee wholesale near me,0,1,0%,1
coffee wholesaler,0,1,0%,1
wholesale coffee suppliers near me,0,1,0%,1
world coffee market,0,1,0%,4
coffee world company,0,1,0%,5
buy coffee beans bulk,0,1,0%,6
coffee beans wholesale suppliers,0,1,0%,6
coffee warehouse near me,0,1,0%,6
coffee invest,0,1,0%,7
world of coffee 2026 location,0,1,0%,7
world of coffee 2027 europe,0,1,0%,7
where can i buy green coffee beans,0,1,0%,8
where to buy douwe egberts coffee,0,1,0%,8
world's coffee producers,0,1,0%,8
coffee world limited,0,1,0%,10
coffee buyers in kenya,0,1,0%,11
coffee distributor,0,1,0%,12
world coffee map,0,1,0%,12
coffee world franchise,0,1,0%,17
coffee capital of the world,0,1,0%,90